{
  "timestamp": "2025-07-22T23:50:57.022268",
  "config_reward_scaling": 0.07,
  "avg_episode_reward": 4.3630036169641775,
  "avg_episode_length": 1000.0,
  "episode_reward_ok": 