{
  "A": {
    "mean_reward": -1.682239,
    "mean_episode_length": 21.34188034188034,
    "total_episodes": 